shortsha	iso8601	disposition
69d8817	2026-01-06T10:42:04-08:00	acknowledged
77d5543	2026-01-06T10:44:30-08:00	implemented
588e988	2026-01-29T10:44:14-08:00	implemented
c1177bf	2026-01-29T11:38:05-08:00	implemented
2a36626	2026-01-29T11:41:32-08:00	implemented
841e864	2026-02-09T10:32:46-08:00	acknowledged
84fcf7c	2026-02-09T10:32:46-08:00	acknowledged
db1d330	2026-02-09T10:32:46-08:00	acknowledged
561df8d	2026-02-09T10:49:17-08:00	acknowledged
b256356	2026-02-09T12:41:18-08:00	acknowledged
8d8307f	2026-02-09T12:51:03-08:00	acknowledged
7e88ac8	2026-02-09T12:51:03-08:00	acknowledged
36c9ace	2026-02-09T15:09:02-08:00	acknowledged
edbb3dc	2026-02-09T15:09:10-08:00	acknowledged
3b63971	2026-02-09T15:09:10-08:00	acknowledged
22d88d3	2026-02-09T16:14:04-08:00	acknowledged
96673ca	2026-02-10T10:17:25-07:00	acknowledged
aaa072b	2026-02-10T10:18:05-07:00	acknowledged
a52283f	2026-02-10T10:18:38-07:00	implemented
682b8a0	2026-02-10T10:40:43-07:00	acknowledged
4217868	2026-02-10T14:30:17-08:00	implemented
f4c8701	2026-02-10T14:56:09-08:00	implemented
c83e214	2026-02-11T13:41:06-08:00	implemented
8e2006a	2026-02-11T14:40:52-08:00	acknowledged
b00b84f	2026-03-03T14:07:23-07:00	implemented
49e722a	2026-03-04T10:58:33-07:00	acknowledged
f77a5c9	2026-03-04T11:25:55-07:00	acknowledged
c3beedb	2026-03-04T11:29:55-07:00	implemented
a8794b2	2026-03-12T15:44:34-06:00	acknowledged
a4943c4	2026-03-12T15:52:53-06:00	acknowledged
102cb4e	2026-03-12T16:03:41-07:00	acknowledged
866b95d	2026-03-13T11:43:46-07:00	implemented
27b28f3	2026-03-13T12:00:28-07:00	acknowledged
bc188fb	2026-03-13T13:42:50-07:00	acknowledged
81dca67	2026-03-13T13:53:30-07:00	acknowledged
1d00b05	2026-03-13T14:19:44-07:00	acknowledged
6e31e20	2026-03-13T14:33:16-07:00	acknowledged
a4d0ae8	2026-03-18T15:41:46-06:00	acknowledged
3b2b427	2026-03-18T15:41:46-06:00	acknowledged
3fd5027	2026-03-18T15:41:46-06:00	implemented
978a7bc	2026-03-18T15:41:46-06:00	implemented
47584d0	2026-03-18T15:41:46-06:00	implemented
d267346	2026-03-18T15:41:46-06:00	implemented
5a500db	2026-03-18T15:41:46-06:00	implemented
34364f9	2026-03-18T15:41:46-06:00	implemented
16079c0	2026-03-18T15:41:46-06:00	implemented
199725a	2026-03-18T15:41:46-06:00	implemented
13bf2b9	2026-03-18T15:41:46-06:00	acknowledged
63921ba	2026-03-18T14:45:23-07:00	acknowledged
3177108	2026-03-18T14:45:23-07:00	acknowledged
6e92e7f	2026-03-18T14:45:23-07:00	implemented
9ea49fd	2026-03-18T14:45:23-07:00	implemented
770841a	2026-03-18T15:32:54-07:00	acknowledged
97d7185	2026-03-18T15:32:54-07:00	acknowledged
2a24272	2026-03-19T11:02:48-06:00	acknowledged
c8c5815	2026-03-19T10:18:00-07:00	acknowledged
ea3a918	2026-03-19T11:23:07-07:00	acknowledged
daca5cb	2026-03-19T11:40:00-07:00	acknowledged
7658a26	2026-03-20T10:02:18-07:00	acknowledged
660a34d	2026-03-20T10:02:19-07:00	acknowledged
e76076f	2026-03-20T10:02:20-07:00	acknowledged
a9a4b1b	2026-03-20T10:33:20-07:00	acknowledged
c15c42a	2026-03-26T09:54:36-07:00	acknowledged
6ce8cd1	2026-03-26T10:10:54-07:00	acknowledged
37f54b9	2026-03-26T10:15:08-07:00	acknowledged
54f10d0	2026-03-26T10:16:38-07:00	acknowledged
207a3d2	2026-03-26T11:10:51-07:00	acknowledged
b9ba5f7	2026-03-26T11:34:21-07:00	acknowledged
acc445f	2026-03-26T11:34:29-07:00	acknowledged
2757a40	2026-03-26T12:34:20-07:00	acknowledged
15c32b1	2026-03-26T12:49:01-07:00	acknowledged
4dcc3fc	2026-03-26T13:16:48-07:00	acknowledged
bfa5166	2026-03-26T13:43:32-07:00	acknowledged
a98a86f	2026-03-26T14:08:59-07:00	acknowledged
1e5ec55	2026-03-26T15:17:17-07:00	acknowledged
c294780	2026-03-26T15:30:25-07:00	acknowledged
4aa6abe	2026-03-26T16:04:29-07:00	acknowledged
c0d6018	2026-03-26T16:48:44-07:00	acknowledged
b9ef8d8	2026-03-26T17:31:21-07:00	acknowledged
3b3a4e5	2026-03-26T17:40:14-07:00	acknowledged
f0d8055	2026-03-26T17:43:33-07:00	acknowledged
5e2d2ec	2026-03-26T17:45:06-07:00	acknowledged
3dc38b8	2026-03-26T18:04:15-07:00	acknowledged
f397085	2026-03-26T18:11:04-07:00	acknowledged
39e1607	2026-03-26T19:16:28-07:00	acknowledged
b68bb3e	2026-03-26T19:24:16-07:00	acknowledged
dc62c27	2026-03-26T19:31:08-07:00	acknowledged
0bdb9b6	2026-03-26T19:31:45-07:00	acknowledged
28ffb9d	2026-03-26T19:32:27-07:00	acknowledged
a56f2b5	2026-03-26T19:35:35-07:00	acknowledged
5e1eb50	2026-03-26T19:36:39-07:00	acknowledged
66fe4bf	2026-03-26T19:37:26-07:00	acknowledged
6a04c5d	2026-03-26T19:38:15-07:00	acknowledged
3c3f983	2026-03-26T19:38:55-07:00	acknowledged
3147620	2026-03-26T19:39:59-07:00	acknowledged
9fc33dd	2026-03-26T19:41:08-07:00	acknowledged
3ef8c81	2026-03-26T19:41:56-07:00	acknowledged
549d306	2026-03-26T19:42:50-07:00	acknowledged
237a869	2026-03-26T19:43:43-07:00	acknowledged
5bc92dc	2026-03-26T19:44:25-07:00	acknowledged
dd9c51a	2026-03-26T19:46:58-07:00	acknowledged
9c5a06c	2026-03-26T19:48:31-07:00	acknowledged
6301b30	2026-03-26T19:51:35-07:00	acknowledged
64d1cee	2026-03-26T19:55:46-07:00	acknowledged
fd6fba8	2026-03-26T20:26:55-07:00	acknowledged
35ad41d	2026-03-26T20:31:44-07:00	acknowledged
54af217	2026-03-26T20:37:01-07:00	acknowledged
fb8fd60	2026-03-26T20:44:22-07:00	acknowledged
c7f2022	2026-03-26T20:45:20-07:00	acknowledged
cf7151b	2026-03-26T20:49:44-07:00	acknowledged
09d02b4	2026-03-26T20:50:22-07:00	acknowledged
5cbcf5e	2026-03-26T20:51:08-07:00	acknowledged
084da46	2026-03-26T20:56:12-07:00	acknowledged
7f92a20	2026-03-26T21:13:14-07:00	acknowledged
b9b4efc	2026-03-26T21:29:33-07:00	acknowledged
b6a2123	2026-03-26T21:42:15-07:00	acknowledged
724febf	2026-03-26T21:45:32-07:00	acknowledged
eff3e5c	2026-03-26T21:46:20-07:00	acknowledged
f134f42	2026-03-26T21:47:15-07:00	acknowledged
140142e	2026-03-26T22:01:04-07:00	acknowledged
7e4e8e3	2026-03-26T22:04:53-07:00	acknowledged
4a2b7f7	2026-03-26T22:08:48-07:00	acknowledged
527defc	2026-03-26T22:11:46-07:00	new
d2f4bf8	2026-03-26T22:15:52-07:00	new
012de8a	2026-03-26T22:19:29-07:00	new
8cd2578	2026-03-26T22:24:46-07:00	new
c5cf8ff	2026-03-26T22:28:54-07:00	new
909525c	2026-03-26T22:29:37-07:00	new
315c522	2026-03-26T22:31:45-07:00	new
d230fe4	2026-03-26T22:32:48-07:00	new
12a0a20	2026-03-26T22:37:13-07:00	new
5e30110	2026-03-26T22:50:46-07:00	new
75446c2	2026-03-26T22:57:26-07:00	new
35eae0e	2026-03-26T22:58:13-07:00	new
ed539b2	2026-03-26T22:59:20-07:00	new
1d909e6	2026-03-26T23:00:20-07:00	new
63307d5	2026-03-26T23:12:08-07:00	new
20c6982	2026-03-27T07:22:01-07:00	new
ad11167	2026-03-27T07:22:33-07:00	new
a416747	2026-03-27T07:43:09-07:00	new
423cc6e	2026-03-27T07:49:52-07:00	new
